<?xml version="1.0" encoding="UTF-8"?>
<project-private xmlns="http://www.netbeans.org/ns/project-private/1">
    <editor-bookmarks xmlns="http://www.netbeans.org/ns/editor-bookmarks/2" lastBookmarkId="0"/>
    <open-files xmlns="http://www.netbeans.org/ns/projectui-open-files/2">
        <group>
            <file>file:/D:/maratona/memory%2006-07-2018/Boost/src/main/CardLayoutFrame.java</file>
            <file>file:/D:/maratona/memory%2006-07-2018/Boost/src/main/Aplicaçao.java</file>
            <file>file:/D:/maratona/memory%2006-07-2018/Boost/src/main/FilaPrioridade.java</file>
            <file>file:/D:/maratona/memory%2006-07-2018/Boost/src/main/MainThread.java</file>
            <file>file:/D:/maratona/memory%2006-07-2018/Boost/src/main/Estado.java</file>
        </group>
    </open-files>
</project-private>
